-- MySQL dump 10.13  Distrib 8.0.45, for Linux (x86_64)
--
-- Host: up-de-fra1-mysql-2.db.run-on-seenode.com    Database: db_ihxf9qlaqdps
-- ------------------------------------------------------
-- Server version	8.0.45

/*!40101 SET @OLD_CHARACTER_SET_CLIENT=@@CHARACTER_SET_CLIENT */;
/*!40101 SET @OLD_CHARACTER_SET_RESULTS=@@CHARACTER_SET_RESULTS */;
/*!40101 SET @OLD_COLLATION_CONNECTION=@@COLLATION_CONNECTION */;
/*!50503 SET NAMES utf8mb4 */;
/*!40103 SET @OLD_TIME_ZONE=@@TIME_ZONE */;
/*!40103 SET TIME_ZONE='+00:00' */;
/*!40014 SET @OLD_UNIQUE_CHECKS=@@UNIQUE_CHECKS, UNIQUE_CHECKS=0 */;
/*!40014 SET @OLD_FOREIGN_KEY_CHECKS=@@FOREIGN_KEY_CHECKS, FOREIGN_KEY_CHECKS=0 */;
/*!40101 SET @OLD_SQL_MODE=@@SQL_MODE, SQL_MODE='NO_AUTO_VALUE_ON_ZERO' */;
/*!40111 SET @OLD_SQL_NOTES=@@SQL_NOTES, SQL_NOTES=0 */;

--
-- Table structure for table `MD_SUBPROCESS`
--

/*!40101 SET @saved_cs_client     = @@character_set_client */;
/*!50503 SET character_set_client = utf8mb4 */;
CREATE TABLE `MD_SUBPROCESS` (
  `ID_DLK_SUBPROCESS` int NOT NULL AUTO_INCREMENT,
  `ID_DLK_PROCESS` int NOT NULL,
  `ORDEN_PRECEDENCIA_SUBPROCESS` int DEFAULT NULL,
  `COD_SUBPROCESS` varchar(100) COLLATE utf8mb4_unicode_ci NOT NULL,
  `NAME_SUBPROCESS` varchar(100) COLLATE utf8mb4_unicode_ci NOT NULL,
  `DESCRIPTION_SUBPROCESS` varchar(1000) COLLATE utf8mb4_unicode_ci NOT NULL,
  `OBJECTIVE_SUBPROCESS` varchar(1000) COLLATE utf8mb4_unicode_ci DEFAULT NULL,
  `CRITICALITY_SUBPROCESS` varchar(200) COLLATE utf8mb4_unicode_ci DEFAULT NULL,
  `OUTSOURCED_SUBPROCESS` varchar(250) COLLATE utf8mb4_unicode_ci DEFAULT NULL,
  `ESTIMATED_TIME_SUBPROCESS` int DEFAULT NULL,
  `RESPONSIBLE_UNIT` varchar(100) COLLATE utf8mb4_unicode_ci DEFAULT NULL,
  `RESPONSIBLE_ROLE` varchar(100) COLLATE utf8mb4_unicode_ci DEFAULT NULL,
  `CERTIFICATION_SUBPROCESS` varchar(1000) COLLATE utf8mb4_unicode_ci DEFAULT NULL,
  `STATE_SUBPROCESS` int NOT NULL DEFAULT '1',
  `COD_USUARIO_CARGA_DL` varchar(20) COLLATE utf8mb4_unicode_ci NOT NULL,
  `FEH_PROCESO_CARGA_DL` datetime(3) NOT NULL DEFAULT CURRENT_TIMESTAMP(3),
  `FEH_PROCESO_MODIF_DL` datetime(3) DEFAULT NULL,
  `DES_ACCION` varchar(20) COLLATE utf8mb4_unicode_ci NOT NULL DEFAULT 'INSERT',
  `FLG_STATUT_ACTIF` int NOT NULL DEFAULT '1',
  PRIMARY KEY (`ID_DLK_SUBPROCESS`),
  KEY `FK_SUBPROCESS_PROCESS` (`ID_DLK_PROCESS`),
  CONSTRAINT `MD_SUBPROCESS_ID_DLK_PROCESS_fkey` FOREIGN KEY (`ID_DLK_PROCESS`) REFERENCES `MD_PROCESS` (`ID_DLK_PROCESS`) ON DELETE RESTRICT ON UPDATE CASCADE
) ENGINE=InnoDB AUTO_INCREMENT=44 DEFAULT CHARSET=utf8mb4 COLLATE=utf8mb4_unicode_ci;
/*!40101 SET character_set_client = @saved_cs_client */;

--
-- Dumping data for table `MD_SUBPROCESS`
--

/*!40000 ALTER TABLE `MD_SUBPROCESS` DISABLE KEYS */;
INSERT INTO `MD_SUBPROCESS` VALUES (1,3,9,'SUB-PRO-COM-OP','Orden de Pedido','Da formato a la OP (formato estandarizado interno) de la OP recibida de los clientes para su envío a las áreas correspondientes.','Estandarizar el formato de la OP.','2','1',2,'GC','Blanca Olortegui',NULL,1,'SYSTEM','2026-03-14 17:09:20.842','2026-05-02 07:30:03.221','UPDATE',1),(2,3,1,'SUB-PRO-COM-EST-MKT','Investigación de Mercado','Realizar la Investigación de Mercado B2C.','Contar con una investigación de mercado que permita tomar decisiones.','1','1',24,'GC','Analista',NULL,1,'SYSTEM','2026-03-14 17:12:48.801','2026-05-02 07:30:13.725','UPDATE',1),(3,3,3,'SUB-PRO-COM-DP','Diseño de Producto','Crear, diseñar y elaborar la ficha técnica del producto.','Diseños del producto aprobados','2','1',19,'GC','Blanca Olortegui',NULL,1,'SYSTEM','2026-03-14 17:17:12.251','2026-03-14 17:17:12.251','INSERT',1),(4,3,4,'SUB-PRO-COM-PRO-VEN','Proyectar Ventas','Realizar la proyección de ventas del producto.','Contar con la proyección de ventas del producto','2','1',12,'GC','Jefe Comercial y Analista',NULL,1,'SYSTEM','2026-03-14 17:20:18.241','2026-03-14 17:20:18.241','INSERT',1),(5,4,5,'SUB-PRO-TEX-VER','Gestión de materiales','Confirmar stock para la orden de producción.',NULL,'1','1',16,'Textil','Ruth Chapoñan',NULL,1,'SYSTEM','2026-04-28 10:32:38.076','2026-04-28 10:54:26.174','UPDATE',1),(6,4,6,'SUB-PRO-TEX-QC','Control Calidad Partidas','Verificar gramaje, ancho, encogimiento.',NULL,'1','1',16,'Textil','Ruth Chapoñan',NULL,1,'SYSTEM','2026-04-28 10:53:46.128','2026-04-28 10:53:46.128','INSERT',1),(7,1,7,'SUB-PRO-UDP-MOL','Desarrollo de moldes','Patronaje digital y escalado de tallas.',NULL,'1','1',454,'UDP','Nancy Marzal',NULL,1,'SYSTEM','2026-04-28 11:44:07.579','2026-04-28 21:16:44.304','UPDATE',1),(8,1,8,'SUB-PRO-UDP-TIZ','Proceso de Tizado','Tizado, plotter y cálculo de consumos reales.',NULL,'1','1',4,'UDP','Nancy Marzal',NULL,1,'SYSTEM','2026-04-28 21:15:32.065','2026-04-28 21:15:32.065','INSERT',1),(9,3,1,'SUB-PRO-COM-EST-MKT','Investigación de Mercado','Investigación B2C/B2B: competencia, tendencias SP26 Diamond Dust 7 combos, oportunidades QAPARY.','Contar con estudio de mercado del producto y realizar proyección de ventas.','2 - Alta','1 - No',24,'GC - Gerencia Comercial','Asistente Comercial','ISO 9001:2015 – 8.2.2',1,'SYSTEM','2026-05-05 04:20:30.129','2026-05-05 04:20:30.129','INSERT',1),(10,3,2,'SUB-PRO-COM-SEG-CLI','Segmentación y Análisis de Clientes','Segmentación y perfilado B2C/B2B con CRM y datos BSALE para Pijama Eleganza Diamond Dust.','Identificar clientes objetivo y canales prioritarios para SP26.','2 - Alta','1 - No',8,'GC - Gerencia Comercial','Jefa Comercial','ISO 9001:2015 – 8.2.1',1,'SYSTEM','2026-05-05 04:20:30.408','2026-05-05 04:20:30.408','INSERT',1),(11,3,3,'SUB-PRO-COM-GEN-DIS','Generación de Diseños Diamond Dust','Co-creación 7 combos (Navy Peony, Nantucket Navy, Basil, Sage, Rose Quartz, White Sand, Black Berry).','Generar diseños aprobados para Pijama Eleganza French Terry temporada SP26.','2 - Alta','1 - No',16,'GC - Gerencia Comercial','Co-creación','ISO 9001:2015 – 8.3.3',1,'SYSTEM','2026-05-05 04:20:30.607','2026-05-05 04:20:30.607','INSERT',1),(12,3,4,'SUB-PRO-COM-COO-UDP','Coordinación con UDP','Envío formal diseños, especificaciones French Terry y 7 combos a UDP para inicio desarrollo técnico.','Activar desarrollo técnico integral Pijama Eleganza Diamond Dust en UDP.','2 - Alta','1 - No',4,'GC - Gerencia Comercial','Jefa Comercial','ISO 9001:2015 – 8.3.2',1,'SYSTEM','2026-05-05 04:20:30.634','2026-05-05 04:20:30.634','INSERT',1),(13,3,5,'SUB-PRO-COM-GES-INV','Gestión de Inventario','Control stock BSALE, proyecciones reposición y punto de reorden por SKU y combo Diamond Dust.','Garantizar disponibilidad mínima de 100 unidades por modelo activo.','1 - Media','1 - No',2,'GC - Gerencia Comercial','Asistente Comercial','ISO 9001:2015 – 8.1',1,'SYSTEM','2026-05-05 04:20:30.714','2026-05-05 04:20:30.714','INSERT',1),(14,3,6,'SUB-PRO-COM-GEN-OP','Generación Orden de Pedido','Formateo y emisión OP-028-26 en sistema KUSA, asignación código, envío multiárea.','Emitir OP completa antes de inicio de producción Diamond Dust.','2 - Alta','1 - No',3,'GC - Gerencia Comercial','Asistente Comercial','ISO 9001:2015 – 8.2.3',1,'SYSTEM','2026-05-05 04:20:30.737','2026-05-05 04:20:30.737','INSERT',1),(15,1,1,'SUB-PRO-UDP-ANA-TEC','Análisis Técnico y Consumo','Verificar disponibilidad French Terry (mín. 300 prendas), calcular consumos LDM y fitting Pijama Eleganza.','Confirmar factibilidad técnica y calcular consumos reales para OP-028-26.','2 - Alta','1 - No',15,'UDP - Unidad Desarrollo del Producto','Analista de Prenda','ISO 9001:2015 – 8.3.3',1,'SYSTEM','2026-05-05 04:20:30.812','2026-05-05 04:20:30.812','INSERT',1),(16,1,2,'SUB-PRO-UDP-COO-TEX','Coordinación Textil y Avíos','OMT French Terry, densidad 240±8 g/m², tintorería 7 combos, verificar botones 24L y avíos Diamond Dust.','Generar OMT aprobado y coordinar producción textil 7 colores Diamond Dust.','2 - Alta','1 - No',40,'UDP - Unidad Desarrollo del Producto','Analista Textil UDP','ISO 9001:2015 – 8.4.1',1,'SYSTEM','2026-05-05 04:20:30.836','2026-05-05 04:20:30.836','INSERT',1),(17,1,3,'SUB-PRO-UDP-DES-MOL','Desarrollo de Moldes','Patronaje GEMINI: chaqueta manga larga (10 piezas) + pantalón (6 piezas), escalado XS–XXL, ±1/4mm.','Generar set completo moldes Pijama Eleganza escalados XS–XXL con tolerancia ±2mm.','2 - Alta','1 - No',6,'UDP - Unidad Desarrollo del Producto','Modelista','ISO 9001:2015 – 8.3.3',1,'SYSTEM','2026-05-05 04:20:30.911','2026-05-05 04:20:30.911','INSERT',1),(18,1,4,'SUB-PRO-UDP-DES-MUE','Desarrollo Muestras / Prototipos','Confección 2 prototipos Pijama Eleganza (combos representativos), bordado colibrí, sesión de fitting.','Obtener prototipos aprobados 100% conformes con FT antes de producción masiva.','2 - Alta','0 - Muestra Interna',12,'UDP - Unidad Desarrollo del Producto','Prototipista','ISO 9001:2015 – 8.3.4',1,'SYSTEM','2026-05-05 04:20:30.931','2026-05-05 04:20:30.931','INSERT',1),(19,1,5,'SUB-PRO-UDP-TIZ-PLO','Tizado y Plotter','Tizado plotter 1.80m French Terry: >85% aprovechamiento, cuadro consumos, archivo Drive.','Optimizar aprovechamiento tela >85% y completar cuadro consumos por talla.','2 - Alta','1 - No',4,'UDP - Unidad Desarrollo del Producto','Modelista','ISO 9001:2015 – 8.5.1',1,'SYSTEM','2026-05-05 04:20:30.952','2026-05-05 04:20:30.952','INSERT',1),(20,1,6,'SUB-PRO-UDP-ELA-FT','Elaboración Ficha Técnica','FT Google Sheet: gramaje, rutas chaqueta y pantalón, medidas por talla, avíos, 7 combos, bordado colibrí.','FT 100% completa y validada antes de inicio producción masiva.','2 - Alta','1 - No',2,'UDP - Unidad Desarrollo del Producto','Analista de Prenda','ISO 9001:2015 – 8.3.5',1,'SYSTEM','2026-05-05 04:20:31.014','2026-05-05 04:20:31.014','INSERT',1),(21,1,7,'SUB-PRO-UDP-ELA-LDM','Elaboración LDM y Trim Card','LDM consolidada: French Terry/talla/combo, botones 24L×6/prenda, vivo 1/8\", twill, elástico 3 cm.','LDM completa y aprobada para abastecimiento oportuno de todos los materiales.','2 - Alta','1 - No',4,'UDP - Unidad Desarrollo del Producto','Analista de Prenda','ISO 9001:2015 – 8.3.5',1,'SYSTEM','2026-05-05 04:20:31.033','2026-05-05 04:20:31.033','INSERT',1),(22,4,1,'SUB-PRO-TEX-VER-STO','Verificación de Stock Textil','Confirmación disponibilidad French Terry en almacén para 300+ unidades, 7 colores Diamond Dust.','Confirmar stock ≥300 prendas en todos los colores Diamond Dust antes de inicio corte.','2 - Alta','2 - Sí',2,'Textil','Analista Textil','ISO 9001:2015 – 8.4.3',1,'SYSTEM','2026-05-05 04:20:31.056','2026-05-05 04:20:31.056','INSERT',1),(23,4,2,'SUB-PRO-TEX-GEN-FT','Generación Strike / FT Textil','FT French Terry: gramaje 240±8 g/m², ancho útil 160 cm, parámetros teñido 7 combos Diamond Dust.','Generar FT textil aprobada con parámetros de calidad para los 7 combos.','2 - Alta','2 - Sí',2,'Textil','Analista UDP','ISO 9001:2015 – 8.3.3',1,'SYSTEM','2026-05-05 04:20:31.122','2026-05-05 04:20:31.122','INSERT',1),(24,4,3,'SUB-PRO-TEX-AUD-PRV','Auditoría de Proveedores','Verificar capacidad técnica, INTERTEK/CERTINTEK, AFFIDAVITS, composición 97% Pima/3% Spandex.','Proveedores textiles auditados y certificados para producción Diamond Dust.','2 - Alta','2 - Sí',8,'Textil','Auditor Textil','ISO 9001:2015 – 8.4.1',1,'SYSTEM','2026-05-05 04:20:31.143','2026-05-05 04:20:31.143','INSERT',1),(25,4,4,'SUB-PRO-TEX-CTR-CAL','Control de Calidad de Partidas','Inspección gramaje, ancho, solidez color, encogimiento y defectos (<2/m²) por rollo French Terry.','Garantizar que todas las partidas cumplen especificaciones antes del corte.','2 - Alta','2 - Sí',4,'Textil','Inspector Textil','ISO 9001:2015 – 8.6',1,'SYSTEM','2026-05-05 04:20:31.162','2026-05-05 04:20:31.162','INSERT',1),(26,4,5,'SUB-PRO-TEX-LIB-TEL','Liberación de Tela','Aprobación formal lote French Terry, emisión OL, despacho a almacén de telas para OP-028-26.','Tela liberada y despachada a almacén con documentación completa.','2 - Alta','2 - Sí',1,'Textil','Analista Textil','ISO 9001:2015 – 8.6',1,'SYSTEM','2026-05-05 04:20:31.414','2026-05-05 04:20:31.414','INSERT',1),(27,5,1,'SUB-PRO-LOG-ALM-TEL','Gestión Almacén de Telas','Recepción, codificación por color, almacenamiento RACK y picking French Terry para corte OP-028-26.','Despachar 300 kg French Terry a corte según cronograma producción.','2 - Alta','1 - No',8,'Logística','Cristian Carpio','ISO 9001:2015 – 8.5.4',1,'SYSTEM','2026-05-05 04:20:31.440','2026-05-05 04:20:31.440','INSERT',1),(28,5,2,'SUB-PRO-LOG-ALM-AVI','Gestión Almacén de Avíos','Recepción y verificación avíos vs LDM: botones 24L×7 colores Sephia Rose, vivo 1/8\", twill, elástico 3 cm.','Garantizar disponibilidad total de avíos antes del inicio de confección.','2 - Alta','1 - No',8,'Logística','Elvira','ISO 9001:2015 – 8.5.4',1,'SYSTEM','2026-05-05 04:20:31.527','2026-05-05 04:20:31.527','INSERT',1),(29,5,3,'SUB-PRO-LOG-KIT-AVI','Kitting de Avíos','Armado kits completos por talla y combo: botones 24L, imperdible, balín, hangtag QAPARY.','Kit 100% completo verificado vs LDM antes de despacho a línea de confección.','2 - Alta','1 - No',4,'Logística','Logística Avíos','ISO 9001:2015 – 8.5.1',1,'SYSTEM','2026-05-05 04:20:31.555','2026-05-05 04:20:31.555','INSERT',1),(30,5,4,'SUB-PRO-LOG-PAC-EMP','Packing y Empaque Final','Empaque primario bolsa biodegradable + sticker SKU, test metal, caja cartón 12 sets, etiquetado destino.','Sets empacados aptos para distribución, test metal = 0 antes de sellado.','2 - Alta','1 - No',8,'Logística','Aldhair Guevara','ISO 9001:2015 – 8.5.4',1,'SYSTEM','2026-05-05 04:20:31.630','2026-05-05 04:20:31.630','INSERT',1),(31,5,5,'SUB-PRO-LOG-RUT-DES','Ruteo y Despacho Final','Clasificación cajas: Barranco 10 / San Miguel 9 / E-commerce 6 tapers. Sellado y despacho.','Cajas despachadas a tiempo con guía de remisión firmada por destino.','3 - Crítica','2 - Sí',8,'Logística','Almacenero','ISO 9001:2015 – 8.5.5',1,'SYSTEM','2026-05-05 04:20:31.649','2026-05-05 04:20:31.649','INSERT',1),(32,2,1,'SUB-PRO-PG-COR-HAB','Corte y Habilitado','Corte French Terry según moldes y tizado UDP (330 piezas meta), habilitado y codificación PO por talla.','330 sets piezas cortadas, habilitadas y codificadas PO antes de bordado.','2 - Alta','2 - Sí',12,'Producción General','Leonardo Romani','ISO 9001:2015 – 8.5.1',1,'SYSTEM','2026-05-05 04:20:31.725','2026-05-05 04:20:31.725','INSERT',1),(33,2,2,'SUB-PRO-PG-BOR-DEC','Bordado Colibrí Bolsillo','Bordado colibrí (3×2.5 cm) en pieza bolsillo blusa con TAJIMA: #5161 (combos 1,2,6,7) / #5053 (3,4,5).','330 piezas bolsillo bordadas con colibrí correcto por combo, sin defectos.','2 - Alta','2 - Sí',16,'Producción General','Jhonny Jaime','ISO 9001:2015 – 8.5.1',1,'SYSTEM','2026-05-05 04:20:31.744','2026-05-05 04:20:31.744','INSERT',1),(34,2,3,'SUB-PRO-PG-CON-INT','Confección Integral Pijama','Chaqueta (17 ops): remalle 3/16\", recubierto, vivo 1/8\". Pantalón (9 ops): ojal 1/2\" pretina + cinta twill.','300 sets confeccionados aprobados en auditoría en línea 12 ppp.','2 - Alta','1 - No',40,'Producción General','Myron Campos','ISO 9001:2015 – 8.5.1',1,'SYSTEM','2026-05-05 04:20:31.817','2026-05-05 04:20:31.817','INSERT',1),(35,2,4,'SUB-PRO-PG-TRA-SEL','Transfer Sello QAPARY','Transfer centrado en media luna chaqueta (1/2\") y pretina pantalón (1/2\"): gris 1-2 / azul 3-7.','Transfer correcto en posición y color en 100% de prendas antes de acabados.','2 - Alta','1 - No',4,'Producción General','Área Transfer','ISO 9001:2015 – 8.5.1',1,'SYSTEM','2026-05-05 04:20:31.835','2026-05-05 04:20:31.835','INSERT',1),(36,2,5,'SUB-PRO-PG-OJA-BOT','Ojalado y Botones 24L','Chaqueta: 6 ojales 3/4\" pechera + botones 24L Sephia Rose en cruz. Pantalón: 1 ojal 1/2\" pretina.','Ojales correctos y botones 24L firmes en 100% prendas antes de transfer.','2 - Alta','1 - No',4,'Producción General','Ojaladora','ISO 9001:2015 – 8.5.1',1,'SYSTEM','2026-05-05 04:20:31.850','2026-05-05 04:20:31.850','INSERT',1),(37,2,6,'SUB-PRO-PG-ACA-FIN','Acabados Finales','Deshilachado, plancha vapor (blusa 180°C / pantalón 160°C), hangtag, doblado guía QAPARY, bolsa bio, sticker.','300 sets acabados con presentación conforme antes de packing.','2 - Alta','1 - No',12,'Producción General','Stephanny Esqueche','ISO 9001:2015 – 8.5.1',1,'SYSTEM','2026-05-05 04:20:31.866','2026-05-05 04:20:31.866','INSERT',1),(38,6,1,'SUB-PRO-QC-INS-MUE','Inspección y Validación de Muestras','Inspección prototipos Diamond Dust: 20 puntos visuales, medidas corporales, funcionalidad avíos. Certificado.','Prototipos 100% conformes antes de inicio producción masiva.','2 - Alta','1 - No',2,'Calidad','Milagros Curitumay','ISO 9001:2015 – 8.3.4',1,'SYSTEM','2026-05-05 04:20:31.919','2026-05-05 04:20:31.919','INSERT',1),(39,6,2,'SUB-PRO-QC-AUD-COR','Auditoría Arranque de Corte','Verificar habilitado 100% codificado y primera pieza French Terry conforme antes de producción masiva.','Primera pieza 100% conforme aprobada antes de corte masivo.','2 - Alta','1 - No',2,'Calidad','Paul Vargas','ISO 9001:2015 – 8.5.1',1,'SYSTEM','2026-05-05 04:20:31.936','2026-05-05 04:20:31.936','INSERT',1),(40,6,3,'SUB-PRO-QC-CTR-LIN','Control en Línea de Confección','Inspección AQL nivel II por máquina y lote: 12 ppp, ancho remalle 3/16\", medidas y acabado continuo.','AQL <2.5% defectos en producción masiva Pijama Eleganza Diamond Dust.','2 - Alta','1 - No',20,'Calidad','Inspector de Línea','ISO 9001:2015 – 8.5.1',1,'SYSTEM','2026-05-05 04:20:31.950','2026-05-05 04:20:31.950','INSERT',1),(41,6,4,'SUB-PRO-QC-CTR-BOR','Control de Bordado','Pieza a pieza: posición (3×2.5 cm), tono (#5161/#5053 según combo), picado, fijación hilo.','Sin defectos de posición/color/picado en bordado colibrí vs muestra aprobada.','2 - Alta','1 - No',4,'Calidad','Supervisor Bordado','ISO 9001:2015 – 8.5.1',1,'SYSTEM','2026-05-05 04:20:31.967','2026-05-05 04:20:31.967','INSERT',1),(42,6,5,'SUB-PRO-QC-AUD-ACA','Auditoría Final Acabados','Inspección 100%: limpieza, temperatura plancha, hangtag centrado, transfer correcto, doblado, bolsa bio.','100% prendas inspeccionadas y aprobadas antes de packing Diamond Dust.','2 - Alta','1 - No',8,'Calidad','Paul Vargas','ISO 9001:2015 – 8.6',1,'SYSTEM','2026-05-05 04:20:32.027','2026-05-05 04:20:32.027','INSERT',1),(43,6,6,'SUB-PRO-QC-LIB-PRD','Liberación Producto Terminado','Emisión reporte final + certificado conformidad OP-028-26 para liberación a almacén / exportación.','Lote OP-028-26 liberado formalmente con reporte firmado y archivado.','2 - Alta','1 - No',2,'Calidad','Paul Vargas','ISO 9001:2015 – 8.6',1,'SYSTEM','2026-05-05 04:20:32.051','2026-05-05 04:20:32.051','INSERT',1);
/*!40000 ALTER TABLE `MD_SUBPROCESS` ENABLE KEYS */;

--
-- Table structure for table `MD_PROCEDURE_SUBPROCESS`
--

/*!40101 SET @saved_cs_client     = @@character_set_client */;
/*!50503 SET character_set_client = utf8mb4 */;
CREATE TABLE `MD_PROCEDURE_SUBPROCESS` (
  `ID_DLK_PROCEDURE_SUBPROCESS` int NOT NULL AUTO_INCREMENT,
  `ID_DLK_SUBPROCESS` int NOT NULL,
  `COD_PROCEDURE_SUBPROCESS` varchar(200) COLLATE utf8mb4_unicode_ci NOT NULL,
  `NAME_PROCEDURE_SUBPROCESS` varchar(200) COLLATE utf8mb4_unicode_ci NOT NULL,
  `DESCRIPTION_PROCEDURE_SUBPROCESS` varchar(200) COLLATE utf8mb4_unicode_ci NOT NULL,
  `TYPE_PROCEDURE_SUBPROCESS` varchar(200) COLLATE utf8mb4_unicode_ci NOT NULL,
  `RESPONSIBLE_PROCEDURE_SUBPROCESS` varchar(200) COLLATE utf8mb4_unicode_ci NOT NULL,
  `ESTIMATED_TIME_SUBPROCESS` varchar(200) COLLATE utf8mb4_unicode_ci NOT NULL,
  `CRITICALITY_SUBPROCESS` varchar(200) COLLATE utf8mb4_unicode_ci NOT NULL,
  `VALIDATION_METHOD_SUBPROCESS` varchar(200) COLLATE utf8mb4_unicode_ci NOT NULL,
  `PCC_SUBPROCESS` varchar(200) COLLATE utf8mb4_unicode_ci NOT NULL,
  `STATE_PROCEDURE_SUBPROCESS` int NOT NULL DEFAULT '1',
  `COD_USUARIO_CARGA_DL` varchar(20) COLLATE utf8mb4_unicode_ci NOT NULL,
  `FEH_PROCESO_CARGA_DL` datetime(3) NOT NULL DEFAULT CURRENT_TIMESTAMP(3),
  `FEH_PROCESO_MODIF_DL` datetime(3) DEFAULT NULL,
  `DES_ACCION` varchar(20) COLLATE utf8mb4_unicode_ci DEFAULT 'INSERT',
  `FLG_STATUT_ACTIF` int NOT NULL DEFAULT '1',
  PRIMARY KEY (`ID_DLK_PROCEDURE_SUBPROCESS`),
  KEY `FK_PROCEDURE_SUBPROCESS_SUBPROCESS` (`ID_DLK_SUBPROCESS`),
  CONSTRAINT `MD_PROCEDURE_SUBPROCESS_ID_DLK_SUBPROCESS_fkey` FOREIGN KEY (`ID_DLK_SUBPROCESS`) REFERENCES `MD_SUBPROCESS` (`ID_DLK_SUBPROCESS`) ON DELETE RESTRICT ON UPDATE CASCADE
) ENGINE=InnoDB AUTO_INCREMENT=46 DEFAULT CHARSET=utf8mb4 COLLATE=utf8mb4_unicode_ci;
/*!40101 SET character_set_client = @saved_cs_client */;

--
-- Dumping data for table `MD_PROCEDURE_SUBPROCESS`
--

/*!40000 ALTER TABLE `MD_PROCEDURE_SUBPROCESS` DISABLE KEYS */;
INSERT INTO `MD_PROCEDURE_SUBPROCESS` VALUES (1,1,'PRO-SUB-PRO-COM-OP','Armar orden de pedido','Ingreso al sistema y formatos internos.','Textil','Asistente Comercial','3','1','Sí','No',1,'SYSTEM','2026-04-28 09:32:13.515','2026-04-28 11:35:54.821','UPDATE',1),(2,1,'#','#','','','','','2','','',0,'SYSTEM','2026-04-28 09:33:30.763','2026-04-28 09:46:17.525','UPDATE',1),(3,1,'3','#','','','','','2','','',0,'SYSTEM','2026-04-28 09:35:27.480','2026-04-28 09:46:38.857','UPDATE',1),(4,2,'PRO-SUB-PRO-COM-EST-MKT','Estudio de Mercado B2C','Investigación competencia y tendencias (Dream Garden).','UDP','Analista MKT','72','2','Si','No',1,'SYSTEM','2026-04-28 09:48:08.601','2026-04-28 11:37:04.643','UPDATE',1),(5,3,'PRO-SUB-PRO-COM-DP','Generación de diseños','Crear conceptos gráficos y paleta de colores.','UDP','Diseñador','48','2','Sí','Aceptación diseño',1,'SYSTEM','2026-04-28 10:12:27.056','2026-04-28 11:38:29.572','UPDATE',1),(6,4,'PRO-SUB-PRO-EXP-DOC','Tramitación VUCE y Aduanas','Generación de Certificado de Origen, Factura E.','','Especialista','48','2','Sí','Docs Aduaneros',1,'SYSTEM','2026-04-28 10:19:20.619','2026-04-28 11:40:38.575','UPDATE',1),(7,5,'PRO-SUB-PRO-TEX-VER','Verificación física de Stock','Auditoría de almacén de crudos o teñidos.','','Analista Textil','4','1','Si','No',1,'SYSTEM','2026-04-28 10:41:46.129','2026-04-28 11:41:39.911','UPDATE',1),(8,6,'PRO-SUB-PRO-TEX-QC','Auditoría Textil (Laboratorio)','Pruebas de solidez, revirado, gramaje y pilling.','UDP','Inspector Textil QC','8','2','Sí','Gramaje y Tono',1,'SYSTEM','2026-04-28 10:55:42.207',NULL,'INSERT',1),(9,7,'PRO-SUB-PRO-UDP-MOL','Patronaje y Escalado','Creación de moldería base en software y escalado S-M-L-XL.','UDP','Modelista','12','2','Sí','Precisión Medidas',1,'SYSTEM','2026-04-28 11:45:21.678',NULL,'INSERT',1),(10,8,'PRO-SUB-PRO-UDP-TIZ','Generación de Tizada','Encaje de piezas en el ancho útil de tela para maximizar rendimiento.','Corte','Tizador','4','2','Sí','Eficiencia >85%',1,'SYSTEM','2026-04-28 21:17:49.039',NULL,'INSERT',1),(11,9,'PRC-SUB-PRO-COM-EST-MKT','Estudio de mercado','Investigación B2C, análisis competencia y oportunidades Diamond Dust SP26.','UDP','Asistente Comercial','24','Alta','Aprobado','Interna',1,'SYSTEM','2026-05-05 04:20:30.245','2026-05-05 04:20:30.245','INSERT',1),(12,10,'PRC-SUB-PRO-COM-SEG-CLI','Análisis de clientes','Segmentación y perfilado clientes objetivo B2C y B2B por canal.','UDP','Jefa Comercial','8','Alta','Aprobado','Interna',1,'SYSTEM','2026-05-05 04:20:30.420','2026-05-05 04:20:30.420','INSERT',1),(13,11,'PRC-SUB-PRO-COM-GEN-DIS','Generación de diseños','Co-crear 7 combos Diamond Dust según tendencias SP26 para Pijama Eleganza.','UDP','Diseñador / Jefa Comercial','16','Alta','Aprobado','Interna',1,'SYSTEM','2026-05-05 04:20:30.617','2026-05-05 04:20:30.617','INSERT',1),(14,12,'PRC-SUB-PRO-COM-COO-UDP','Coordinación con UDP','Envío de diseños y especificaciones French Terry para desarrollo técnico OP-028-26.','UDP','Jefa Comercial','4','Alta','Aprobado','Interna',1,'SYSTEM','2026-05-05 04:20:30.642','2026-05-05 04:20:30.642','INSERT',1),(15,13,'PRC-SUB-PRO-COM-GES-INV','Gestión de inventario','Control stock BSALE y proyecciones por SKU y combo Diamond Dust.','Despacho','Asistente Comercial','2','Media','Aprobado','Interna',1,'SYSTEM','2026-05-05 04:20:30.720','2026-05-05 04:20:30.720','INSERT',1),(16,14,'PRC-SUB-PRO-COM-GEN-OP','Formatear Orden de Pedido','Armar la OP de acuerdo al estándar KUSA y enviar a áreas responsables.','UDP / Producción','Asistente Comercial','3','Alta','Aprobado','Interna',1,'SYSTEM','2026-05-05 04:20:30.744','2026-05-05 04:20:30.744','INSERT',1),(17,15,'PRC-SUB-PRO-UDP-ANA-TEC','Análisis técnico y consumo','Verificar disponibilidad French Terry, calcular LDM, fitting y ajustes técnicos Pijama Eleganza.','Logística','Analista de Prenda','15','Alta','Aprobado','Interna',1,'SYSTEM','2026-05-05 04:20:30.820','2026-05-05 04:20:30.820','INSERT',1),(18,16,'PRC-SUB-PRO-UDP-COO-TEX','Coordinación sección textil y avíos','OMT French Terry, densidad, tintorería, estampado, botones 24L y avíos Diamond Dust.','Textil / Logística','Analista Textil UDP','40','Alta','Aprobado','Interna',1,'SYSTEM','2026-05-05 04:20:30.841','2026-05-05 04:20:30.841','INSERT',1),(19,17,'PRC-SUB-PRO-UDP-DES-MOL','Desarrollo de moldes GEMINI','Patronaje GEMINI molde base talla M + escalado XS-XXL, sentido estampado, backup .gmn.','Corte','Modelista','6','Alta','Aprobado','Interna',1,'SYSTEM','2026-05-05 04:20:30.916','2026-05-05 04:20:30.916','INSERT',1),(20,18,'PRC-SUB-PRO-UDP-DES-MUE','Desarrollo muestras','Confección 2 prototipos Pijama Eleganza: corte, bordado colibrí, ensamble, fitting equipo.','Comercial / Archivo','Prototipista','12','Alta','Aprobado','Interna',1,'SYSTEM','2026-05-05 04:20:30.937','2026-05-05 04:20:30.937','INSERT',1),(21,19,'PRC-SUB-PRO-UDP-TIZ-PLO','Proceso de tizado','Tizado plotter 1.80m, optimizar >85%, definir sentido estampado, cuadro consumos, subir Drive.','Corte','Modelista','4','Alta','Aprobado','Interna',1,'SYSTEM','2026-05-05 04:20:30.957','2026-05-05 04:20:30.957','INSERT',1),(22,20,'PRC-SUB-PRO-UDP-ELA-FT','Elaborar ficha técnica completa','FT Google Sheet completa: gramaje, rutas, medidas tallas, avíos, combos, bordado.','Producción','Analista de Prenda','2','Alta','Aprobado','Interna',1,'SYSTEM','2026-05-05 04:20:31.019','2026-05-05 04:20:31.019','INSERT',1),(23,21,'PRC-SUB-PRO-UDP-ELA-LDM','Elaborar LDM y Trim Card','Consolidar LDM: French Terry, botones 24L×6, vivo 1/8\", twill, elástico 3 cm por combo.','Logística','Analista de Prenda','4','Alta','Aprobado','Interna',1,'SYSTEM','2026-05-05 04:20:31.039','2026-05-05 04:20:31.039','INSERT',1),(24,22,'PRC-SUB-PRO-TEX-VER-STO','Verificación de tela French Terry','Confirmar disponibilidad 7 colores para OP-028-26 (300+ unidades).','Producción','Analista Textil','2','Alta','Aprobado','Interna',1,'SYSTEM','2026-05-05 04:20:31.061','2026-05-05 04:20:31.061','INSERT',1),(25,23,'PRC-SUB-PRO-TEX-GEN-FT','Generación Strike / Ficha Técnica Textil','FT French Terry: gramaje 240±8 g/m², ancho 160 cm, teñido 7 combos.','Textil / Proveedor','Analista UDP','2','Alta','Aprobado','Interna',1,'SYSTEM','2026-05-05 04:20:31.128','2026-05-05 04:20:31.128','INSERT',1),(26,24,'PRC-SUB-PRO-TEX-AUD-PRV','Auditoría de proveedores','Verificar capacidad técnica, INTERTEK/CERTINTEK, AFFIDAVITS, composición Pima.','Textil','Auditor Textil','8','Alta','Aprobado','Interna',1,'SYSTEM','2026-05-05 04:20:31.148','2026-05-05 04:20:31.148','INSERT',1),(27,25,'PRC-SUB-PRO-TEX-CTR-CAL','Control de calidad de partidas','Verificar gramaje 240±8, ancho 160±3 cm, solidez ≥3.5 ISO 105, encogimiento <6%, defectos <2/m².','Textil','Inspector Textil','4','Alta','Aprobado','INTERTEK',1,'SYSTEM','2026-05-05 04:20:31.211','2026-05-05 04:20:31.211','INSERT',1),(28,26,'PRC-SUB-PRO-TEX-LIB-TEL','Liberación de tela para producción','Aprobación y despacho formal French Terry a almacén de telas OP-028-26.','Almacén Telas','Analista Textil','1','Alta','Aprobado','INTERTEK',1,'SYSTEM','2026-05-05 04:20:31.421','2026-05-05 04:20:31.421','INSERT',1),(29,27,'PRC-SUB-PRO-LOG-ALM-TEL','Gestión almacén de telas French Terry','Recepción, codificación trazabilidad por color, almacenamiento RACK, picking y despacho a corte.','Corte','Cristian Carpio','8','Alta','Aprobado','Interna',1,'SYSTEM','2026-05-05 04:20:31.511','2026-05-05 04:20:31.511','INSERT',1),(30,28,'PRC-SUB-PRO-LOG-ALM-AVI','Gestión almacén de avíos Diamond Dust','Recepción y verificación avíos vs LDM: botones 24L, vivo, twill, elástico, etiquetas QAPARY.','Confección','Elvira','8','Alta','Aprobado','Interna',1,'SYSTEM','2026-05-05 04:20:31.532','2026-05-05 04:20:31.532','INSERT',1),(31,29,'PRC-SUB-PRO-LOG-KIT-AVI','Kitting de avíos por combo','Armar kits completos por talla y combo: botones 24L, imperdible, balín, hangtag QAPARY.','Confección','Logística Avíos','4','Alta','Aprobado','Interna',1,'SYSTEM','2026-05-05 04:20:31.615','2026-05-05 04:20:31.615','INSERT',1),(32,30,'PRC-SUB-PRO-LOG-PAC-EMP','Packing y empaque final Diamond Dust','Empaque primario bolsa bio, test metal, caja cartón 12 sets, sticker SKU, balín, imperdible.','Almacén / Despacho','Aldhair Guevara','8','Alta','Aprobado','Interna',1,'SYSTEM','2026-05-05 04:20:31.634','2026-05-05 04:20:31.634','INSERT',1),(33,31,'PRC-SUB-PRO-LOG-RUT-DES','Despacho final Diamond Dust','Clasificar cajas por destino, sellar, etiquetar, emitir guía de remisión y coordinar transporte.','Transporte','Almacenero','8','Alta','Aprobado','Interna',1,'SYSTEM','2026-05-05 04:20:31.708','2026-05-05 04:20:31.708','INSERT',1),(34,32,'PRC-SUB-PRO-PG-COR-HAB','Corte y habilitado piezas','Cortar French Terry según moldes UDP ±2mm, habilitar y codificar PO por lote y talla.','Bordado / Confección','Leonardo Romani','12','Alta','Aprobado','Interna',1,'SYSTEM','2026-05-05 04:20:31.730','2026-05-05 04:20:31.730','INSERT',1),(35,33,'PRC-SUB-PRO-PG-BOR-DEC','Bordado decorativo colibrí bolsillo','Bordado TAJIMA: posición 3×2.5 cm, #5161 o #5053 según combo, pieza a pieza.','Confección','Jhonny Jaime','16','Alta','Aprobado','Interna',1,'SYSTEM','2026-05-05 04:20:31.749','2026-05-05 04:20:31.749','INSERT',1),(36,34,'PRC-SUB-PRO-PG-CON-INT','Confección integral Pijama Eleganza','Chaqueta 17 ops (remalle 3/16\", recubierto, vivo 1/8\") + Pantalón 9 ops + pretina elástica.','Acabados','Myron Campos','40','Alta','Aprobado','Interna',1,'SYSTEM','2026-05-05 04:20:31.822','2026-05-05 04:20:31.822','INSERT',1),(37,35,'PRC-SUB-PRO-PG-TRA-SEL','Transfer sello QAPARY','Pegar transfer centrado en media luna (chaqueta) y pretina (pantalón). Gris: combos 1-2 / Azul: 3-7.','Acabados','Área Transfer','4','Alta','Aprobado','Interna',1,'SYSTEM','2026-05-05 04:20:31.839','2026-05-05 04:20:31.839','INSERT',1),(38,36,'PRC-SUB-PRO-PG-OJA-BOT','Ojalado y pegado botones 24L','Chaqueta: ojales 3/4\" + botones 24L en cruz (letras visibles). Pantalón: ojal 1/2\" pretina twill.','Control Calidad','Ojaladora','4','Alta','Aprobado','Interna',1,'SYSTEM','2026-05-05 04:20:31.854','2026-05-05 04:20:31.854','INSERT',1),(39,37,'PRC-SUB-PRO-PG-ACA-FIN','Acabados finales Diamond Dust','Deshilachado, plancha 180/160°C, hangtag, doblado guía QAPARY, bolsa bio, sticker, balín.','Calidad / Almacén','Stephanny Esqueche','12','Alta','Aprobado','Interna',1,'SYSTEM','2026-05-05 04:20:31.870','2026-05-05 04:20:31.870','INSERT',1),(40,38,'PRC-SUB-PRO-QC-INS-MUE','Inspección y validación de muestras','Inspeccionar prototipos: visual 20 puntos, medidas, funcionalidad avíos, emitir certificado.','UDP / Comercial','Milagros Curitumay','2','Alta','Aprobado','Interna',1,'SYSTEM','2026-05-05 04:20:31.925','2026-05-05 04:20:31.925','INSERT',1),(41,39,'PRC-SUB-PRO-QC-AUD-COR','Auditoría arranque de corte','Verificar habilitado 100% codificado, primera pieza French Terry conforme en tolerancias.','Producción','Paul Vargas','2','Alta','Aprobado','Interna',1,'SYSTEM','2026-05-05 04:20:31.939','2026-05-05 04:20:31.939','INSERT',1),(42,40,'PRC-SUB-PRO-QC-CTR-LIN','Inspección corrida en línea de confección','AQL nivel II por máquina: 12 ppp, ancho remalle 3/16\", medidas, costura continua.','Producción','Inspector de Línea','20','Alta','Aprobado','Interna',1,'SYSTEM','2026-05-05 04:20:31.954','2026-05-05 04:20:31.954','INSERT',1),(43,41,'PRC-SUB-PRO-QC-CTR-BOR','Control de bordado colibrí pieza a pieza','Verificar: posición 3×2.5 cm, tono (#5161/#5053 por combo), picado, fijación hilo sin desprender.','Confección','Supervisor Bordado','4','Alta','Aprobado','Interna',1,'SYSTEM','2026-05-05 04:20:31.974','2026-05-05 04:20:31.974','INSERT',1),(44,42,'PRC-SUB-PRO-QC-AUD-ACA','Auditoría final de acabados Diamond Dust','Inspección 100%: limpieza, plancha temp., hangtag, transfer centrado, doblado, bolsa bio+sticker.','Packing / Almacén','Paul Vargas','8','Alta','Aprobado','Interna',1,'SYSTEM','2026-05-05 04:20:32.035','2026-05-05 04:20:32.035','INSERT',1),(45,43,'PRC-SUB-PRO-QC-LIB-PRD','Liberación producto terminado','Emitir reporte final + certificado conformidad OP-028-26. Firmar y archivar para liberación.','Gerencia / Logística','Paul Vargas','2','Alta','Aprobado','Interna',1,'SYSTEM','2026-05-05 04:20:32.055','2026-05-05 04:20:32.055','INSERT',1);
/*!40000 ALTER TABLE `MD_PROCEDURE_SUBPROCESS` ENABLE KEYS */;

--
-- Table structure for table `MD_INPUT_SUBPROCESS`
--

/*!40101 SET @saved_cs_client     = @@character_set_client */;
/*!50503 SET character_set_client = utf8mb4 */;
CREATE TABLE `MD_INPUT_SUBPROCESS` (
  `ID_DLK_INPUT_SUBPROCESS` int NOT NULL AUTO_INCREMENT,
  `ID_DLK_SUBPROCESS` int NOT NULL,
  `COD_INPUT_SUBPROCESS` varchar(200) COLLATE utf8mb4_unicode_ci NOT NULL,
  `NAME_INPUT_SUBPROCESS` varchar(200) COLLATE utf8mb4_unicode_ci NOT NULL,
  `DESCRIPTION_INPUT_SUBPROCESS` varchar(200) COLLATE utf8mb4_unicode_ci NOT NULL,
  `TYPE_INPUT_SUBPROCESS` varchar(200) COLLATE utf8mb4_unicode_ci NOT NULL,
  `ORIGIN_INPUT_SUBPROCESS` varchar(200) COLLATE utf8mb4_unicode_ci NOT NULL,
  `AMOUNT_INPUT_SUBPROCESS` varchar(200) COLLATE utf8mb4_unicode_ci NOT NULL,
  `UNIT_QUANTITY` varchar(200) COLLATE utf8mb4_unicode_ci NOT NULL,
  `SUPPLIER_INPUT_SUBPROCESS` varchar(200) COLLATE utf8mb4_unicode_ci DEFAULT NULL,
  `CERTIFICATION_INPUT_SUBPROCESS` varchar(200) COLLATE utf8mb4_unicode_ci DEFAULT NULL,
  `OBSERVATION_INPUT_SUBPROCESS` varchar(200) COLLATE utf8mb4_unicode_ci DEFAULT NULL,
  `STATE_INPUT_SUBPROCESS` int NOT NULL DEFAULT '1',
  `COD_USUARIO_CARGA_DL` varchar(20) COLLATE utf8mb4_unicode_ci NOT NULL,
  `FEH_PROCESO_CARGA_DL` datetime(3) NOT NULL DEFAULT CURRENT_TIMESTAMP(3),
  `FEH_PROCESO_MODIF_DL` datetime(3) DEFAULT NULL,
  `DES_ACCION` varchar(20) COLLATE utf8mb4_unicode_ci DEFAULT 'INSERT',
  `FLG_STATUT_ACTIF` int NOT NULL DEFAULT '1',
  PRIMARY KEY (`ID_DLK_INPUT_SUBPROCESS`),
  KEY `FK_INPUT_SUBPROCESS_SUBPROCESS` (`ID_DLK_SUBPROCESS`),
  CONSTRAINT `MD_INPUT_SUBPROCESS_ID_DLK_SUBPROCESS_fkey` FOREIGN KEY (`ID_DLK_SUBPROCESS`) REFERENCES `MD_SUBPROCESS` (`ID_DLK_SUBPROCESS`) ON DELETE RESTRICT ON UPDATE CASCADE
) ENGINE=InnoDB AUTO_INCREMENT=44 DEFAULT CHARSET=utf8mb4 COLLATE=utf8mb4_unicode_ci;
/*!40101 SET character_set_client = @saved_cs_client */;

--
-- Dumping data for table `MD_INPUT_SUBPROCESS`
--

/*!40000 ALTER TABLE `MD_INPUT_SUBPROCESS` DISABLE KEYS */;
INSERT INTO `MD_INPUT_SUBPROCESS` VALUES (1,1,'INP-SUB-PRO-COM-OP','Ficha técnica comercial','Diseños validados preliminares.','2','SUB-PRO-COM-DP','1','1','Interno','N/A','Aprobado por Gerencia',1,'SYSTEM','2026-04-28 09:45:31.832','2026-04-28 11:36:20.570','UPDATE',1),(2,2,'INP-SUB-PRO-COM-EST-MKT','Datos de Tendencias','Reportes WGSN o similares.','3','Consultora externa','1','1','Externo','N/A','Ninguna',1,'SYSTEM','2026-04-28 09:49:32.473','2026-04-28 11:37:20.258','UPDATE',1),(3,3,'INP-SUB-PRO-COM-DP','Brief de colección','Requisitos de la temporada.','3','PRO-SUB-PRO-COM-EST-MKT','','1','Interno','N/A','',1,'SYSTEM','2026-04-28 10:15:16.397','2026-04-28 11:39:17.343','UPDATE',1),(4,4,'INP-SUB-PRO-EXP-DOC ','Orden de compra Int.','PO del cliente internacional.','2','Cliente','1','1','Externo','NA','',1,'SYSTEM','2026-04-28 10:20:30.765','2026-04-28 11:40:47.817','UPDATE',1),(5,5,'INP-SUB-PRO-TEX-VER','LDM Preliminar','Consumo estimado de tela.','3','PRO-UDP','1','5','Interno','N/A','',1,'SYSTEM','2026-04-28 10:42:34.803',NULL,'INSERT',1),(6,6,'INP-SUB-PRO-TEX-VER','Rollos de Tela Interlock','Tela 50/1 Algodón Pima.','1','Proveedor Textil','Lote','3','Textilera','OEKO-TEX','Muestreo estadístico',1,'SYSTEM','2026-04-28 10:56:41.365',NULL,'INSERT',1),(7,7,'INP-SUB-PRO-UDP-MOL','Ficha Técnica Diseño','Cuadro de medidas preliminar.','3','SUB-COM-DP','1','1','Interno','N/A','',1,'SYSTEM','2026-04-28 11:46:08.369','2026-04-28 11:48:22.862','UPDATE',1),(8,8,'INP-SUB-PRO-UDP-TIZ','Moldería + Ancho Tela','Datos de encogimiento y ancho real.','3','SUB-UDP-MOL / SUB-TEX-QC','1','1','Interno','N/A','',1,'SYSTEM','2026-04-28 23:02:16.005',NULL,'INSERT',1),(9,9,'INP-SUB-PRO-COM-EST-MKT','Estudio de Mercado','Estudio de mercado B2C Diamond Dust','Informe','Investigación interna','1','Estudio','Interno','N/A','Análisis competencia SP26',1,'SYSTEM','2026-05-05 04:20:30.254','2026-05-05 04:20:30.254','INSERT',1),(10,10,'INP-SUB-PRO-COM-SEG-CLI','Base de Datos Clientes','Historial compras y segmentación CRM BSALE','Documento','Sistema CRM / BSALE','1','Digital','Interno','N/A','Segmentación por canal',1,'SYSTEM','2026-05-05 04:20:30.508','2026-05-05 04:20:30.508','INSERT',1),(11,11,'INP-SUB-PRO-COM-GEN-DIS','Tendencias Temporada SP26','Paleta Diamond Dust y tendencias WGSN/Pantone','Informe','Análisis externo consultora','1','Digital','Consultora','N/A','Primavera 2026',1,'SYSTEM','2026-05-05 04:20:30.623','2026-05-05 04:20:30.623','INSERT',1),(12,12,'INP-SUB-PRO-COM-COO-UDP','Corrida de Muestras','Muestra aprobada Pijama Eleganza en combos representativos','Material','UDP','1','Set','Interno','N/A','Referencia para desarrollo',1,'SYSTEM','2026-05-05 04:20:30.647','2026-05-05 04:20:30.647','INSERT',1),(13,13,'INP-SUB-PRO-COM-GES-INV','Inventario Stock BSALE','Stock disponible por SKU Diamond Dust en sistema BSALE','Documento','Sistema BSALE','1','Digital','Interno','N/A','Stock disponible',1,'SYSTEM','2026-05-05 04:20:30.726','2026-05-05 04:20:30.726','INSERT',1),(14,14,'INP-SUB-PRO-COM-GEN-OP','Estudio de Mercado','Estudio de mercado B2C Diamond Dust aprobado','Informe','Investigación interna','1','Estudio','Interno','N/A','Análisis competencia',1,'SYSTEM','2026-05-05 04:20:30.749','2026-05-05 04:20:30.749','INSERT',1),(15,15,'INP-SUB-PRO-UDP-ANA-TEC','Tela French Terry para análisis','French Terry Lycrado Sólido Pima 30/1 para cálculo consumos','Material','DPP / Textil','15','kg','Interno','N/A','Para cálculo LDM',1,'SYSTEM','2026-05-05 04:20:30.825','2026-05-05 04:20:30.825','INSERT',1),(16,16,'INP-SUB-PRO-UDP-COO-TEX','Especificaciones Técnicas Cliente','Especificaciones French Terry, 7 combos y avíos Diamond Dust','Documento','DDP','1','Documento','Interno','N/A','Detalles técnicos completos',1,'SYSTEM','2026-05-05 04:20:30.846','2026-05-05 04:20:30.846','INSERT',1),(17,17,'INP-SUB-PRO-UDP-DES-MOL','Diseños Diamond Dust Aprobados','Artes 7 combos aprobados por gerencia para patronaje','Documento','DDP / Comercial','7','Sets digitales','Interno','N/A','Aprobados gerencia',1,'SYSTEM','2026-05-05 04:20:30.921','2026-05-05 04:20:30.921','INSERT',1),(18,18,'INP-SUB-PRO-UDP-DES-MUE','Tela French Terry Muestra','15 kg French Terry para confección de prototipos','Material','DPP / Textil','15','kg','Interno','INTERTEK','Para prototipos',1,'SYSTEM','2026-05-05 04:20:30.942','2026-05-05 04:20:30.942','INSERT',1),(19,19,'INP-SUB-PRO-UDP-TIZ-PLO','Moldes Escalados XS-XXL','Set completo moldes validados para tizado','Material','UDP – Modelista','1','Set','Interno','N/A','Listos para tizado',1,'SYSTEM','2026-05-05 04:20:30.963','2026-05-05 04:20:30.963','INSERT',1),(20,20,'INP-SUB-PRO-UDP-ELA-FT','Diseños Diamond Dust Aprobados','Artes y especificaciones finales 7 combos aprobados','Documento','DDP / Comercial','7','Sets digitales','Interno','N/A','Aprobados gerencia',1,'SYSTEM','2026-05-05 04:20:31.023','2026-05-05 04:20:31.023','INSERT',1),(21,21,'INP-SUB-PRO-UDP-ELA-LDM','Especificaciones Técnicas Cliente','Detalles técnicos, avíos y cantidades por talla y combo','Documento','DDP','1','Documento','Interno','N/A','Detalles completos',1,'SYSTEM','2026-05-05 04:20:31.045','2026-05-05 04:20:31.045','INSERT',1),(22,22,'INP-SUB-PRO-TEX-VER-STO','Tela French Terry (1.5 Ton/3 meses)','French Terry Lycrado Sólido Pima 30/1 + 20/1 + 20D — 7 colores Diamond Dust','Material','Proveedor externo','1.5 Ton','Ton','Textiles externos','N/A','Abastecimiento trimestral',1,'SYSTEM','2026-05-05 04:20:31.111','2026-05-05 04:20:31.111','INSERT',1),(23,23,'INP-SUB-PRO-TEX-GEN-FT','Strike / Ficha Técnica French Terry','Especificaciones técnicas gramaje, ancho, composición y colores Diamond Dust','Documento','UDP','1','Documento','Interno','N/A','Densidad especificada',1,'SYSTEM','2026-05-05 04:20:31.133','2026-05-05 04:20:31.133','INSERT',1),(24,24,'INP-SUB-PRO-TEX-AUD-PRV','Certificados de Calidad Proveedor','Certificados calidad + AFFIDAVITS por partida French Terry','Documento','Proveedor','1','Documento','Textiles','CERTINTEK','Auditoría interna',1,'SYSTEM','2026-05-05 04:20:31.153','2026-05-05 04:20:31.153','INSERT',1),(25,25,'INP-SUB-PRO-TEX-CTR-CAL','Certificados de Calidad Proveedor','Certificados por lote y AFFIDAVITS French Terry Diamond Dust','Documento','Proveedor','1','Documento','Textiles','N/A','Auditoría interna',1,'SYSTEM','2026-05-05 04:20:31.216','2026-05-05 04:20:31.216','INSERT',1),(26,26,'INP-SUB-PRO-TEX-LIB-TEL','AFFIDAVITS Proveedor Textil','AFFIDAVITS de composición y calidad French Terry','Documento','Proveedor','1','Documento','Textiles','CERTINTEK','Auditoría interna',1,'SYSTEM','2026-05-05 04:20:31.428','2026-05-05 04:20:31.428','INSERT',1),(27,27,'INP-SUB-PRO-LOG-ALM-TEL','LDM Detallada Diamond Dust','Lista materiales completa con consumos French Terry por talla y combo','Documento','UDP','1','Documento','Interno','Autorizada','Lista completa',1,'SYSTEM','2026-05-05 04:20:31.516','2026-05-05 04:20:31.516','INSERT',1),(28,28,'INP-SUB-PRO-LOG-ALM-AVI','LDM Detallada Diamond Dust','Lista materiales con todos los avíos por combo y talla','Documento','UDP','1','Documento','Interno','Autorizada','Lista completa avíos',1,'SYSTEM','2026-05-05 04:20:31.537','2026-05-05 04:20:31.537','INSERT',1),(29,29,'INP-SUB-PRO-LOG-KIT-AVI','LDM Detallada Diamond Dust','Lista materiales con todos los avíos verificada','Documento','UDP','1','Documento','Interno','Autorizada','Lista completa',1,'SYSTEM','2026-05-05 04:20:31.620','2026-05-05 04:20:31.620','INSERT',1),(30,30,'INP-SUB-PRO-LOG-PAC-EMP','Especificaciones de Empaque Diamond Dust','Especificaciones bolsa, sticker, caja, balín e imperdible para Pijama Eleganza','Documento','UDP','1','Documento','Interno','Estándar','Instrucciones específicas',1,'SYSTEM','2026-05-05 04:20:31.638','2026-05-05 04:20:31.638','INSERT',1),(31,31,'INP-SUB-PRO-LOG-RUT-DES','Cronograma de Producción OP-028-26','Programación semanal con fechas de entrega por destino','Informe','Producción','1','Digital','Interno','N/A','Programación semanal',1,'SYSTEM','2026-05-05 04:20:31.714','2026-05-05 04:20:31.714','INSERT',1),(32,32,'INP-SUB-PRO-PG-COR-HAB','Tela French Terry Liberada (350 kg)','French Terry Lycrado Sólido Pima auditado y liberado por color','Material','Logística – Almacén','350 kg','kg','Textil','INTERTEK','Pre-auditada',1,'SYSTEM','2026-05-05 04:20:31.734','2026-05-05 04:20:31.734','INSERT',1),(33,33,'INP-SUB-PRO-PG-BOR-DEC','Piezas Cortadas Blusa (Bolsillos)','330 piezas bolsillo habilitadas con código PO por combo','Material','Corte','330','Piezas','Interno','PO aplicado','Solo blusas',1,'SYSTEM','2026-05-05 04:20:31.755','2026-05-05 04:20:31.755','INSERT',1),(34,34,'INP-SUB-PRO-PG-CON-INT','Avíos Completos Diamond Dust (Kits)','300 kits con botones 24L, vivo, twill, elástico 3 cm, etiquetas QAPARY','Material','Logística – Avíos','300','Kits','Proveedores','INTERTEK','Kits armados',1,'SYSTEM','2026-05-05 04:20:31.826','2026-05-05 04:20:31.826','INSERT',1),(35,35,'INP-SUB-PRO-PG-TRA-SEL','Ficha Técnica Completa OP-028-26','FT con especificaciones posición y color de transfer por combo','Documento','UDP','1','Documento','Interno','N/A','Con instrucciones transfer',1,'SYSTEM','2026-05-05 04:20:31.842','2026-05-05 04:20:31.842','INSERT',1),(36,36,'INP-SUB-PRO-PG-OJA-BOT','Avíos Completos Diamond Dust (Kits)','Botones 24L Sephia Rose por combo en kits armados','Material','Logística – Avíos','300','Kits','Proveedores','INTERTEK','Kits armados',1,'SYSTEM','2026-05-05 04:20:31.858','2026-05-05 04:20:31.858','INSERT',1),(37,37,'INP-SUB-PRO-PG-ACA-FIN','Ficha Técnica Completa OP-028-26','FT con instrucciones doblado, hangtag, empaque Diamond Dust','Documento','UDP','1','Documento','Interno','N/A','Con guía doblado',1,'SYSTEM','2026-05-05 04:20:31.908','2026-05-05 04:20:31.908','INSERT',1),(38,38,'INP-SUB-PRO-QC-INS-MUE','Prototipos Terminados (2 sets)','2 sets Pijama Eleganza terminados para inspección','Material','Muestras UDP','2','Sets','Interno','Muestra terminada','Para inspección',1,'SYSTEM','2026-05-05 04:20:31.929','2026-05-05 04:20:31.929','INSERT',1),(39,39,'INP-SUB-PRO-QC-AUD-COR','Lotes en Proceso (Corte)','Piezas cortadas en proceso para inspección arranque','Material','Producción','330','Piezas','Interno','N/A','Flujo productivo',1,'SYSTEM','2026-05-05 04:20:31.942','2026-05-05 04:20:31.942','INSERT',1),(40,40,'INP-SUB-PRO-QC-CTR-LIN','Lotes en Proceso (Confección)','Sets en confección en líneas A y B para auditoría','Material','Producción','300','Sets','Interno','N/A','En líneas A y B',1,'SYSTEM','2026-05-05 04:20:31.957','2026-05-05 04:20:31.957','INSERT',1),(41,41,'INP-SUB-PRO-QC-CTR-BOR','Lotes en Proceso (Bordado)','Piezas bolsillo bordadas para control de calidad','Material','Producción','330','Piezas','Interno','N/A','Piezas bordadas',1,'SYSTEM','2026-05-05 04:20:32.008','2026-05-05 04:20:32.008','INSERT',1),(42,42,'INP-SUB-PRO-QC-AUD-ACA','Lotes en Proceso (Acabados)','Sets con acabados para inspección final','Material','Producción','300','Sets','Interno','N/A','Para auditoría final',1,'SYSTEM','2026-05-05 04:20:32.041','2026-05-05 04:20:32.041','INSERT',1),(43,43,'INP-SUB-PRO-QC-LIB-PRD','Formatos de Calidad Estandarizados','Listas de verificación y registros AQL completos','Documento','Calidad','1','Formatos','Interno','Estándar','Certificado + listas',1,'SYSTEM','2026-05-05 04:20:32.110','2026-05-05 04:20:32.110','INSERT',1);
/*!40000 ALTER TABLE `MD_INPUT_SUBPROCESS` ENABLE KEYS */;

--
-- Table structure for table `MD_OUTPUT_SUBPROCESS`
--

/*!40101 SET @saved_cs_client     = @@character_set_client */;
/*!50503 SET character_set_client = utf8mb4 */;
CREATE TABLE `MD_OUTPUT_SUBPROCESS` (
  `ID_DLK_OUTPUT_SUBPROCESS` int NOT NULL AUTO_INCREMENT,
  `ID_DLK_SUBPROCESS` int NOT NULL,
  `COD_OUTPUT_SUBPROCESS` varchar(200) COLLATE utf8mb4_unicode_ci NOT NULL,
  `NAME_OUTPUT_SUBPROCESS` varchar(200) COLLATE utf8mb4_unicode_ci NOT NULL,
  `DESCRIPTION_OUTPUT_SUBPROCESS` varchar(200) COLLATE utf8mb4_unicode_ci NOT NULL,
  `TYPE_OUTPUT_SUBPROCESS` varchar(200) COLLATE utf8mb4_unicode_ci NOT NULL,
  `DESTINATION_OUTPUT_SUBPROCESS` varchar(200) COLLATE utf8mb4_unicode_ci NOT NULL,
  `AMOUNT_OUTPUT_SUBPROCESS` varchar(200) COLLATE utf8mb4_unicode_ci NOT NULL,
  `UNIT_QUANTITY` varchar(200) COLLATE utf8mb4_unicode_ci NOT NULL,
  `STATE_OUTPUT_SUBPROCESS` varchar(200) COLLATE utf8mb4_unicode_ci NOT NULL,
  `CERTIFICATION_OUTPUT_SUBPROCESS` varchar(200) COLLATE utf8mb4_unicode_ci DEFAULT NULL,
  `OBSERVATION_OUTPUT_SUBPROCESS` text COLLATE utf8mb4_unicode_ci,
  `STATE_OUTPUT` int NOT NULL DEFAULT '1',
  `COD_USUARIO_CARGA_DL` varchar(20) COLLATE utf8mb4_unicode_ci NOT NULL,
  `FEH_PROCESO_CARGA_DL` datetime(3) NOT NULL DEFAULT CURRENT_TIMESTAMP(3),
  `FEH_PROCESO_MODIF_DL` datetime(3) DEFAULT NULL,
  `DES_ACCION` varchar(20) COLLATE utf8mb4_unicode_ci DEFAULT 'INSERT',
  `FLG_STATUT_ACTIF` int NOT NULL DEFAULT '1',
  PRIMARY KEY (`ID_DLK_OUTPUT_SUBPROCESS`),
  KEY `FK_OUTPUT_SUBPROCESS_SUBPROCESS` (`ID_DLK_SUBPROCESS`),
  CONSTRAINT `MD_OUTPUT_SUBPROCESS_ID_DLK_SUBPROCESS_fkey` FOREIGN KEY (`ID_DLK_SUBPROCESS`) REFERENCES `MD_SUBPROCESS` (`ID_DLK_SUBPROCESS`) ON DELETE RESTRICT ON UPDATE CASCADE
) ENGINE=InnoDB AUTO_INCREMENT=44 DEFAULT CHARSET=utf8mb4 COLLATE=utf8mb4_unicode_ci;
/*!40101 SET character_set_client = @saved_cs_client */;

--
-- Dumping data for table `MD_OUTPUT_SUBPROCESS`
--

/*!40000 ALTER TABLE `MD_OUTPUT_SUBPROCESS` DISABLE KEYS */;
INSERT INTO `MD_OUTPUT_SUBPROCESS` VALUES (1,1,'OUT-SUB-PRO-COM-OP','Orden Pedido (OP)','OP Generada y notificada.','2','PRO-UDP','1','3','1','Interna','Inicia cadena de abastecimiento',1,'SYSTEM','2026-04-28 09:54:07.208','2026-04-28 11:36:38.044','UPDATE',1),(2,2,'OUT-SUB-PRO-COM-EST-MKT','Brief de colección','Concepto de la temporada.','2','INP-SUB-PRO-COM-DP','1','1','1','N/A','Ninguna',1,'SYSTEM','2026-04-28 10:07:54.271','2026-04-28 11:38:12.852','UPDATE',1),(3,3,'OUT-SUB-PRO-COM-DP','Diseños aprobados','Bocetos y artes finales.','2','SUB-COM-DP','1','1','1','Interna','',1,'SYSTEM','2026-04-28 10:17:25.577','2026-04-28 11:39:55.312','UPDATE',1),(4,4,'OUT-SUB-PRO-EXP-DOC ','Set documentario','DAM, PL, CO, Factura.','2','Agente Aduanas','1','1','1','SUNAT/VUCE','',1,'SYSTEM','2026-04-28 10:21:39.964','2026-04-28 11:41:04.910','UPDATE',1),(5,5,'OUT-SUB-PRO-TEX-VER','Reporte de Disponibilidad','Confirmación de kg disponibles.','2','PRO-COM','1','1','1','N/A','',1,'SYSTEM','2026-04-28 10:43:15.574',NULL,'INSERT',1),(6,6,'OUT-SUB-PRO-TEX-VER','Tela Liberada','Rollos conformes etiquetados.','1','PRO-LOG (Almacén)','Lote','1','1','Interno','Reporte Lab',1,'SYSTEM','2026-04-28 10:57:42.713',NULL,'INSERT',1),(7,7,'OUT-SUB-PRO-UDP-MOL','Moldería Digital','Archivos DXF o nativos.','2','SUB-PRO-UDP-TIZ','1','3','1','Interna','',1,'SYSTEM','2026-04-28 11:47:27.126',NULL,'INSERT',1),(8,8,'OUT-SUB-PRO-UDP-TIZ','Plotter + LDM Final','Papel tizado impreso y Lista de Materiales.','2','PRO-COR / PRO-LOG','1','1','1','N/A','',1,'SYSTEM','2026-04-28 23:03:06.874',NULL,'INSERT',1),(9,9,'OUT-SUB-PRO-COM-EST-MKT','Estudio de Mercado','Estudio de mercado del producto Diamond Dust.','Documento','UDP','1','Orden','Aprobado','Interna','Ninguna',1,'SYSTEM','2026-05-05 04:20:30.314','2026-05-05 04:20:30.314','INSERT',1),(10,10,'OUT-SUB-PRO-COM-SEG-CLI','Informe Segmentación','Perfiles clientes objetivo Diamond Dust SP26.','Informe','Gerencia Comercial','1','Informe','Aprobado','N/A','Por canal B2C y B2B',1,'SYSTEM','2026-05-05 04:20:30.517','2026-05-05 04:20:30.517','INSERT',1),(11,11,'OUT-SUB-PRO-COM-GEN-DIS','Diseños Aprobados 7 Combos','Artes finales por combo Diamond Dust aprobados gerencia.','Documento','Gerencia / UDP / Producción','7','Sets digitales','Aprobado','Registro','Ninguna',1,'SYSTEM','2026-05-05 04:20:30.628','2026-05-05 04:20:30.628','INSERT',1),(12,12,'OUT-SUB-PRO-COM-COO-UDP','Orden de Pedido OP-028-26','OP-028-26 emitida y enviada a áreas responsables.','Documento','UDP / Producción','1','Orden','Aprobado','Interna','Ninguna',1,'SYSTEM','2026-05-05 04:20:30.652','2026-05-05 04:20:30.652','INSERT',1),(13,13,'OUT-SUB-PRO-COM-GES-INV','Proyección de Ventas SP26','Proyección ventas por canal y SKU Diamond Dust.','Informe','Planificación','1','Digital','Aprobado','N/A','Por canal y combo',1,'SYSTEM','2026-05-05 04:20:30.731','2026-05-05 04:20:30.731','INSERT',1),(14,14,'OUT-SUB-PRO-COM-GEN-OP','Orden de Pedido OP-028-26','OP-028-26 en formato estandarizado KUSA lista para distribución.','Documento','UDP / Producción / Logística','1','Orden','Aprobado','Interna','Ninguna',1,'SYSTEM','2026-05-05 04:20:30.755','2026-05-05 04:20:30.755','INSERT',1),(15,15,'OUT-SUB-PRO-UDP-ANA-TEC','LDM y Trim Card Diamond Dust','LDM consolidada: French Terry por talla/combo, botones 24L, vivo 1/8\", twill, elástico 3 cm.','Documento','Producción / Logística','1','Documento','Aprobado','Interna','Ninguna',1,'SYSTEM','2026-05-05 04:20:30.831','2026-05-05 04:20:30.831','INSERT',1),(16,16,'OUT-SUB-PRO-UDP-COO-TEX','LDM con Avíos Completos','LDM incluyendo todos los avíos por combo (botones 24L, vivo, twill, elástico).','Documento','Producción / Logística','1','Documento','Aprobado','Interna','Ninguna',1,'SYSTEM','2026-05-05 04:20:30.851','2026-05-05 04:20:30.851','INSERT',1),(17,17,'OUT-SUB-PRO-UDP-DES-MOL','Moldes Producción (16 piezas)','Set completo moldes escalados XS–XXL: chaqueta 10 piezas + pantalón 6 piezas.','Material','Producción – Corte','1','Set','Aprobado','N/A','Escalado completo',1,'SYSTEM','2026-05-05 04:20:30.927','2026-05-05 04:20:30.927','INSERT',1),(18,18,'OUT-SUB-PRO-UDP-DES-MUE','Prototipos Terminados (2 sets)','2 sets Pijama Eleganza: 1 referencia técnica + 1 presentación comercial.','Material','Comercial / Archivo','2','Sets','Validado','Muestra aprobada','Ninguna',1,'SYSTEM','2026-05-05 04:20:30.947','2026-05-05 04:20:30.947','INSERT',1),(19,19,'OUT-SUB-PRO-UDP-TIZ-PLO','Tizado Impreso + Cuadro Consumos','Tizado .plt subido a Drive + consumos French Terry (~900g/prenda) por talla.','Documento','Corte / Logística','1','Documento','Aprobado','Interna','Subido a Drive',1,'SYSTEM','2026-05-05 04:20:31.008','2026-05-05 04:20:31.008','INSERT',1),(20,20,'OUT-SUB-PRO-UDP-ELA-FT','Ficha Técnica Completa OP-028-26','FT completa: rutas chaqueta y pantalón, medidas XS–XXL, avíos, combos Diamond Dust.','Documento','Producción / Calidad','1','Documento','Aprobado','N/A','Validada',1,'SYSTEM','2026-05-05 04:20:31.028','2026-05-05 04:20:31.028','INSERT',1),(21,21,'OUT-SUB-PRO-UDP-ELA-LDM','LDM y Trim Card Diamond Dust','LDM completa con todos los avíos por combo y talla aprobada.','Documento','Producción / Logística','1','Documento','Aprobado','Interna','Ninguna',1,'SYSTEM','2026-05-05 04:20:31.050','2026-05-05 04:20:31.050','INSERT',1),(22,22,'OUT-SUB-PRO-TEX-VER-STO','Tela French Terry Auditada','Tela 7 colores auditada y disponible para corte OP-028-26.','Material','Almacén Telas','1.44 Ton','Ton','Aprobado','INTERTEK','Apta para corte',1,'SYSTEM','2026-05-05 04:20:31.117','2026-05-05 04:20:31.117','INSERT',1),(23,23,'OUT-SUB-PRO-TEX-GEN-FT','Orden de Trabajo Textil','OT con especificaciones French Terry aprobadas para producción 7 colores.','Documento','Producción','1','Documento','Aprobado','Interna','Ninguna',1,'SYSTEM','2026-05-05 04:20:31.138','2026-05-05 04:20:31.138','INSERT',1),(24,24,'OUT-SUB-PRO-TEX-AUD-PRV','Orden de Trabajo Liberada','Lote French Terry liberado para almacén y corte.','Documento','Producción','1','Documento','Aprobado','INTERTEK','Con número partida',1,'SYSTEM','2026-05-05 04:20:31.157','2026-05-05 04:20:31.157','INSERT',1),(25,25,'OUT-SUB-PRO-TEX-CTR-CAL','Tela French Terry Auditada 7 colores','Tela auditada y liberada por color para OP-028-26.','Material','Almacén Telas','1.44 Ton','Ton','Aprobado','INTERTEK','Apta para corte',1,'SYSTEM','2026-05-05 04:20:31.321','2026-05-05 04:20:31.321','INSERT',1),(26,26,'OUT-SUB-PRO-TEX-LIB-TEL','Orden de Trabajo Textil Final','OT de liberación con número de partida por color emitida.','Documento','Producción / Almacén','1','Documento','Aprobado','Interna','Con partida por color',1,'SYSTEM','2026-05-05 04:20:31.435','2026-05-05 04:20:31.435','INSERT',1),(27,27,'OUT-SUB-PRO-LOG-ALM-TEL','Tela French Terry Despachada a Corte','300 kg French Terry despachados a corte por color y combo.','Material','Producción – Corte','300','kg','Despachado','Calidad OK','Por color y combo',1,'SYSTEM','2026-05-05 04:20:31.521','2026-05-05 04:20:31.521','INSERT',1),(28,28,'OUT-SUB-PRO-LOG-ALM-AVI','Kits Avíos Diamond Dust Completos','300 kits con todos los avíos por talla y combo armados.','Material','Confección','300','Kits','Programado','Auditado','1 kit por prenda',1,'SYSTEM','2026-05-05 04:20:31.545','2026-05-05 04:20:31.545','INSERT',1),(29,29,'OUT-SUB-PRO-LOG-KIT-AVI','Kits Avíos Completos','Kits verificados 100% vs LDM, listos para despacho a confección.','Material','Confección','300','Kits','Programado','Auditado','Verificado vs LDM',1,'SYSTEM','2026-05-05 04:20:31.625','2026-05-05 04:20:31.625','INSERT',1),(30,30,'OUT-SUB-PRO-LOG-PAC-EMP','Sets Empacados para Distribución','Sets Pijama Eleganza empacados y listos: Barranco 10 cajas / San Miguel 9 / E-comm 6 tapers.','Material','Transporte / Almacén','25','Cajas','Programado','Listo despacho','Por destino',1,'SYSTEM','2026-05-05 04:20:31.643','2026-05-05 04:20:31.643','INSERT',1),(31,31,'OUT-SUB-PRO-LOG-RUT-DES','Reporte de Empaque y Despacho Final','Reporte Excel BSALE con detalle de despacho por destino y combo.','Documento','Logística / Comercial','1','Documento','Programado','Detallado','Excel BSALE',1,'SYSTEM','2026-05-05 04:20:31.719','2026-05-05 04:20:31.719','INSERT',1),(32,32,'OUT-SUB-PRO-PG-COR-HAB','Piezas Cortadas Habilitadas','330 sets piezas cortadas por talla con código PO aplicado.','Material','Bordado / Confección','330','Sets','Programado','PO aplicado','Por talla y color',1,'SYSTEM','2026-05-05 04:20:31.739','2026-05-05 04:20:31.739','INSERT',1),(33,33,'OUT-SUB-PRO-PG-BOR-DEC','Blusas Bordadas (Bolsillos)','330 piezas bolsillo bordadas con colibrí correcto por combo.','Material','Confección','330','Piezas','Programado','Bordado aplicado','Verificado vs muestra',1,'SYSTEM','2026-05-05 04:20:31.813','2026-05-05 04:20:31.813','INSERT',1),(34,34,'OUT-SUB-PRO-PG-CON-INT','Sets Pijama Confeccionados','300 sets Pijama Eleganza (chaqueta + pantalón) ensamblados.','Material','Acabados','300','Sets','Programado','Confección OK','Por talla y combo',1,'SYSTEM','2026-05-05 04:20:31.831','2026-05-05 04:20:31.831','INSERT',1),(35,35,'OUT-SUB-PRO-PG-TRA-SEL','Sets con Transfer Aplicado','Sets con transfer QAPARY correcto por combo y posición.','Material','Acabados','300','Sets','Programado','Confección OK','Verificado posición',1,'SYSTEM','2026-05-05 04:20:31.846','2026-05-05 04:20:31.846','INSERT',1),(36,36,'OUT-SUB-PRO-PG-OJA-BOT','Sets con Ojales y Botones','Sets con ojales correctos y botones 24L firmemente pegados.','Material','Transfer / Acabados','300','Sets','Programado','Confección OK','Firmeza verificada',1,'SYSTEM','2026-05-05 04:20:31.863','2026-05-05 04:20:31.863','INSERT',1),(37,37,'OUT-SUB-PRO-PG-ACA-FIN','Sets Pijama Terminados y Empacados','300 sets Pijama Eleganza Diamond Dust con hangtag, bolsa bio y sticker.','Material','Calidad / Almacén','300','Sets','Programado','Acabados OK','Con hangtag+bolsa+sticker',1,'SYSTEM','2026-05-05 04:20:31.913','2026-05-05 04:20:31.913','INSERT',1),(38,38,'OUT-SUB-PRO-QC-INS-MUE','Reporte de Inspección de Muestras','Reporte validación Diamond Dust con fotografías por combo.','Documento','UDP / Comercial','1','Documento','Aprobado','Conforme','Con fotos por combo',1,'SYSTEM','2026-05-05 04:20:31.932','2026-05-05 04:20:31.932','INSERT',1),(39,39,'OUT-SUB-PRO-QC-AUD-COR','Reporte de Corte y Mermas','Reporte corte French Terry con mermas por color y lote.','Documento','Producción','1','Documento','Validado','Interno','Por color y lote',1,'SYSTEM','2026-05-05 04:20:31.946','2026-05-05 04:20:31.946','INSERT',1),(40,40,'OUT-SUB-PRO-QC-CTR-LIN','Reporte de Confección y Calidad en Línea','Reporte AQL diario por máquina y lote.','Documento','Supervisores','1','Documento','Validado','Interno','AQL por día',1,'SYSTEM','2026-05-05 04:20:31.960','2026-05-05 04:20:31.960','INSERT',1),(41,41,'OUT-SUB-PRO-QC-CTR-BOR','Reporte de Confección y Calidad en Línea','Registro de control bordado por combo y pieza.','Documento','Producción / Calidad','1','Documento','Validado','Interno','Por combo',1,'SYSTEM','2026-05-05 04:20:32.019','2026-05-05 04:20:32.019','INSERT',1),(42,42,'OUT-SUB-PRO-QC-AUD-ACA','Certificado de Conformidad OP-028-26','Certificado conformidad por lote y combo emitido.','Documento','Producción / Gerencia','1','Certificado','Emitido','Oficial','Por lote y combo',1,'SYSTEM','2026-05-05 04:20:32.046','2026-05-05 04:20:32.046','INSERT',1),(43,43,'OUT-SUB-PRO-QC-LIB-PRD','Certificado de Conformidad OP-028-26','Reporte final + certificado conformidad firmado y archivado.','Documento','Gerencia / Cliente','1','Certificado','Aprobado','Oficial','Lote liberado',1,'SYSTEM','2026-05-05 04:20:32.114','2026-05-05 04:20:32.114','INSERT',1);
/*!40000 ALTER TABLE `MD_OUTPUT_SUBPROCESS` ENABLE KEYS */;

--
-- Table structure for table `MD_ACTIVITIES`
--

/*!40101 SET @saved_cs_client     = @@character_set_client */;
/*!50503 SET character_set_client = utf8mb4 */;
CREATE TABLE `MD_ACTIVITIES` (
  `ID_DLK_ACTIVITIES` int NOT NULL AUTO_INCREMENT,
  `ID_DLK_SUBPROCESS` int NOT NULL,
  `COD_ACTIVITIES` varchar(100) COLLATE utf8mb4_unicode_ci NOT NULL,
  `NAME_ACTIVITIES` varchar(200) COLLATE utf8mb4_unicode_ci NOT NULL,
  `DESCRIPTION_ACTIVITIES` varchar(1000) COLLATE utf8mb4_unicode_ci NOT NULL,
  `TYPE_ACTIVITIES` varchar(200) COLLATE utf8mb4_unicode_ci NOT NULL,
  `ORDER_ACTIVITIES` int DEFAULT NULL,
  `ESTIMATED_TIME_ACTIVITIES` varchar(200) COLLATE utf8mb4_unicode_ci DEFAULT NULL,
  `MACHINE_REQUIRED` varchar(200) COLLATE utf8mb4_unicode_ci DEFAULT NULL,
  `SKILL_REQUIRED` varchar(200) COLLATE utf8mb4_unicode_ci DEFAULT NULL,
  `CHECKLIST_ACTIVITIES` varchar(200) COLLATE utf8mb4_unicode_ci DEFAULT NULL,
  `STATE_ACTIVITIES` int NOT NULL DEFAULT '1',
  `COD_USUARIO_CARGA_DL` varchar(20) COLLATE utf8mb4_unicode_ci NOT NULL,
  `FEH_PROCESO_CARGA_DL` datetime(3) NOT NULL DEFAULT CURRENT_TIMESTAMP(3),
  `FEH_PROCESO_MODIF_DL` datetime(3) DEFAULT NULL,
  `DES_ACCION` varchar(20) COLLATE utf8mb4_unicode_ci DEFAULT 'INSERT',
  `FLG_STATUT_ACTIF` int NOT NULL DEFAULT '1',
  PRIMARY KEY (`ID_DLK_ACTIVITIES`),
  KEY `FK_ACTIVITIES_SUBPROCESS` (`ID_DLK_SUBPROCESS`),
  CONSTRAINT `MD_ACTIVITIES_ID_DLK_SUBPROCESS_fkey` FOREIGN KEY (`ID_DLK_SUBPROCESS`) REFERENCES `MD_SUBPROCESS` (`ID_DLK_SUBPROCESS`) ON DELETE RESTRICT ON UPDATE CASCADE
) ENGINE=InnoDB AUTO_INCREMENT=2 DEFAULT CHARSET=utf8mb4 COLLATE=utf8mb4_unicode_ci;
/*!40101 SET character_set_client = @saved_cs_client */;

--
-- Dumping data for table `MD_ACTIVITIES`
--

/*!40000 ALTER TABLE `MD_ACTIVITIES` DISABLE KEYS */;
INSERT INTO `MD_ACTIVITIES` VALUES (1,2,'ACT-SUB-PRO-COM-EST-MKT','Estudio de Mercado','Investigación de Mercado','1',1,'2','1','Especialista en Marketing','Informe',1,'SYSTEM','2026-03-18 01:46:59.878','2026-03-18 01:49:16.135','UPDATE',1);
/*!40000 ALTER TABLE `MD_ACTIVITIES` ENABLE KEYS */;

--
-- Table structure for table `MD_PROCEDURE_ACTIVITIES`
--

/*!40101 SET @saved_cs_client     = @@character_set_client */;
/*!50503 SET character_set_client = utf8mb4 */;
CREATE TABLE `MD_PROCEDURE_ACTIVITIES` (
  `ID_DLK_PROCEDURE_ACTIVITIES` int NOT NULL AUTO_INCREMENT,
  `ID_DLK_ACTIVITIES` int NOT NULL,
  `COD_PROCEDURE_ACTIVITIES` varchar(200) COLLATE utf8mb4_unicode_ci NOT NULL,
  `NAME_PROCEDURE_ACTIVITIES` varchar(200) COLLATE utf8mb4_unicode_ci NOT NULL,
  `DESCRIPTION_PROCEDURE_ACTIVITIES` varchar(1000) COLLATE utf8mb4_unicode_ci NOT NULL,
  `TYPE_PROCEDURE_ACTIVITIES` varchar(200) COLLATE utf8mb4_unicode_ci NOT NULL,
  `RESPONSIBLE_EXECUTION` varchar(200) COLLATE utf8mb4_unicode_ci NOT NULL,
  `ESTIMATED_TIME_PROCEDURE` varchar(200) COLLATE utf8mb4_unicode_ci NOT NULL,
  `CRITICAL_POINT_ACTIVITIES` varchar(200) COLLATE utf8mb4_unicode_ci NOT NULL,
  `SAFETY_REQUIREMENT` varchar(200) COLLATE utf8mb4_unicode_ci NOT NULL,
  `VALIDATION_METHOD` varchar(200) COLLATE utf8mb4_unicode_ci NOT NULL,
  `STATE_PROCEDURE_ACTIVITIES` int NOT NULL DEFAULT '1',
  `COD_USUARIO_CARGA_DL` varchar(20) COLLATE utf8mb4_unicode_ci NOT NULL,
  `FEH_PROCESO_CARGA_DL` datetime(3) NOT NULL DEFAULT CURRENT_TIMESTAMP(3),
  `FEH_PROCESO_MODIF_DL` datetime(3) DEFAULT NULL,
  `DES_ACCION` varchar(20) COLLATE utf8mb4_unicode_ci DEFAULT 'INSERT',
  `FLG_STATUT_ACTIF` int NOT NULL DEFAULT '1',
  PRIMARY KEY (`ID_DLK_PROCEDURE_ACTIVITIES`),
  KEY `FK_PROCEDURE_ACTIVITIES_ACTIVITIES` (`ID_DLK_ACTIVITIES`),
  CONSTRAINT `MD_PROCEDURE_ACTIVITIES_ID_DLK_ACTIVITIES_fkey` FOREIGN KEY (`ID_DLK_ACTIVITIES`) REFERENCES `MD_ACTIVITIES` (`ID_DLK_ACTIVITIES`) ON DELETE RESTRICT ON UPDATE CASCADE
) ENGINE=InnoDB DEFAULT CHARSET=utf8mb4 COLLATE=utf8mb4_unicode_ci;
/*!40101 SET character_set_client = @saved_cs_client */;

--
-- Dumping data for table `MD_PROCEDURE_ACTIVITIES`
--

/*!40000 ALTER TABLE `MD_PROCEDURE_ACTIVITIES` DISABLE KEYS */;
/*!40000 ALTER TABLE `MD_PROCEDURE_ACTIVITIES` ENABLE KEYS */;

--
-- Table structure for table `MD_INPUT_ACTIVITIES`
--

/*!40101 SET @saved_cs_client     = @@character_set_client */;
/*!50503 SET character_set_client = utf8mb4 */;
CREATE TABLE `MD_INPUT_ACTIVITIES` (
  `ID_DLK_INPUT_ACTIVITIES` int NOT NULL AUTO_INCREMENT,
  `ID_DLK_ACTIVITIES` int NOT NULL,
  `COD_INPUT_ACTIVITIES` varchar(200) COLLATE utf8mb4_unicode_ci NOT NULL,
  `NAME_INPUT_ACTIVITIES` varchar(200) COLLATE utf8mb4_unicode_ci NOT NULL,
  `DESCRIPTION_INPUT_ACTIVITIES` varchar(1000) COLLATE utf8mb4_unicode_ci NOT NULL,
  `TYPE_INPUT_ACTIVITIES` varchar(200) COLLATE utf8mb4_unicode_ci NOT NULL,
  `AMOUNT_REQUIRED_ACTIVITIES` varchar(200) COLLATE utf8mb4_unicode_ci NOT NULL,
  `UNIT_MEASURE_ACTIVITIES` varchar(200) COLLATE utf8mb4_unicode_ci NOT NULL,
  `SOURCE_INPUT_ACTIVITIES` varchar(200) COLLATE utf8mb4_unicode_ci DEFAULT NULL,
  `TECHNICAL_SPEC_ACTIVITIES` varchar(200) COLLATE utf8mb4_unicode_ci DEFAULT NULL,
  `CRITICAL_CHECK_ACTIVITIES` varchar(200) COLLATE utf8mb4_unicode_ci DEFAULT NULL,
  `STATE_INPUT_ACTIVITIES` int NOT NULL DEFAULT '1',
  `COD_USUARIO_CARGA_DL` varchar(50) COLLATE utf8mb4_unicode_ci NOT NULL,
  `FEH_PROCESO_CARGA_DL` datetime(3) NOT NULL DEFAULT CURRENT_TIMESTAMP(3),
  `FEH_PROCESO_MODIF_DL` datetime(3) DEFAULT NULL,
  `DES_ACCION` varchar(50) COLLATE utf8mb4_unicode_ci NOT NULL DEFAULT 'INSERT',
  `FLG_STATUT_ACTIF` int NOT NULL DEFAULT '1',
  PRIMARY KEY (`ID_DLK_INPUT_ACTIVITIES`),
  KEY `FK_INPUT_ACTIVITIES_ACTIVITIES` (`ID_DLK_ACTIVITIES`),
  CONSTRAINT `MD_INPUT_ACTIVITIES_ID_DLK_ACTIVITIES_fkey` FOREIGN KEY (`ID_DLK_ACTIVITIES`) REFERENCES `MD_ACTIVITIES` (`ID_DLK_ACTIVITIES`) ON DELETE RESTRICT ON UPDATE CASCADE
) ENGINE=InnoDB DEFAULT CHARSET=utf8mb4 COLLATE=utf8mb4_unicode_ci;
/*!40101 SET character_set_client = @saved_cs_client */;

--
-- Dumping data for table `MD_INPUT_ACTIVITIES`
--

/*!40000 ALTER TABLE `MD_INPUT_ACTIVITIES` DISABLE KEYS */;
/*!40000 ALTER TABLE `MD_INPUT_ACTIVITIES` ENABLE KEYS */;

--
-- Table structure for table `MD_OUTPUT_ACTIVITIES`
--

/*!40101 SET @saved_cs_client     = @@character_set_client */;
/*!50503 SET character_set_client = utf8mb4 */;
CREATE TABLE `MD_OUTPUT_ACTIVITIES` (
  `ID_DLK_OUTPUT_ACTIVITIES` int NOT NULL AUTO_INCREMENT,
  `ID_DLK_ACTIVITIES` int NOT NULL,
  `COD_OUTPUT_ACTIVITIES` varchar(200) COLLATE utf8mb4_unicode_ci NOT NULL,
  `NAME_OUTPUT_ACTIVITIES` varchar(200) COLLATE utf8mb4_unicode_ci NOT NULL,
  `DESCRIPTION_OUTPUT_ACTIVITIES` varchar(1000) COLLATE utf8mb4_unicode_ci NOT NULL,
  `TYPE_OUTPUT_ACTIVITIES` varchar(200) COLLATE utf8mb4_unicode_ci NOT NULL,
  `AMOUNT_EXPECTED_ACTIVITIES` varchar(200) COLLATE utf8mb4_unicode_ci NOT NULL,
  `UNIT_MEASURE_OUTPUT` varchar(200) COLLATE utf8mb4_unicode_ci NOT NULL,
  `NEXT_DESTINATION_ACTIVITIES` varchar(200) COLLATE utf8mb4_unicode_ci DEFAULT NULL,
  `QUALITY_STANDARD_ACTIVITIES` varchar(200) COLLATE utf8mb4_unicode_ci DEFAULT NULL,
  `STATE_OUTPUT_ACTIVITIES` int NOT NULL DEFAULT '1',
  `COD_USUARIO_CARGA_DL` varchar(20) COLLATE utf8mb4_unicode_ci NOT NULL,
  `FEH_PROCESO_CARGA_DL` datetime(3) NOT NULL DEFAULT CURRENT_TIMESTAMP(3),
  `FEH_PROCESO_MODIF_DL` datetime(3) DEFAULT NULL,
  `DES_ACCION` varchar(20) COLLATE utf8mb4_unicode_ci DEFAULT 'INSERT',
  `FLG_STATUT_ACTIF` int NOT NULL DEFAULT '1',
  PRIMARY KEY (`ID_DLK_OUTPUT_ACTIVITIES`),
  KEY `FK_OUTPUT_ACTIVITIES_ACTIVITIES` (`ID_DLK_ACTIVITIES`),
  CONSTRAINT `MD_OUTPUT_ACTIVITIES_ID_DLK_ACTIVITIES_fkey` FOREIGN KEY (`ID_DLK_ACTIVITIES`) REFERENCES `MD_ACTIVITIES` (`ID_DLK_ACTIVITIES`) ON DELETE RESTRICT ON UPDATE CASCADE
) ENGINE=InnoDB DEFAULT CHARSET=utf8mb4 COLLATE=utf8mb4_unicode_ci;
/*!40101 SET character_set_client = @saved_cs_client */;

--
-- Dumping data for table `MD_OUTPUT_ACTIVITIES`
--

/*!40000 ALTER TABLE `MD_OUTPUT_ACTIVITIES` DISABLE KEYS */;
/*!40000 ALTER TABLE `MD_OUTPUT_ACTIVITIES` ENABLE KEYS */;
/*!40103 SET TIME_ZONE=@OLD_TIME_ZONE */;

/*!40101 SET SQL_MODE=@OLD_SQL_MODE */;
/*!40014 SET FOREIGN_KEY_CHECKS=@OLD_FOREIGN_KEY_CHECKS */;
/*!40014 SET UNIQUE_CHECKS=@OLD_UNIQUE_CHECKS */;
/*!40101 SET CHARACTER_SET_CLIENT=@OLD_CHARACTER_SET_CLIENT */;
/*!40101 SET CHARACTER_SET_RESULTS=@OLD_CHARACTER_SET_RESULTS */;
/*!40101 SET COLLATION_CONNECTION=@OLD_COLLATION_CONNECTION */;
/*!40111 SET SQL_NOTES=@OLD_SQL_NOTES */;

-- Dump completed on 2026-05-04 23:33:04
